song,ms_listened
"Lil Uzi Vert - That's a Rack",15191830
"Young Thug - The London (feat. J. Cole & Travis Scott)",12721368
"Drake - Money In The Grave (Drake ft. Rick Ross)",11266419
"21 Savage - a lot",10070809
"Future - First Off (feat. Travis Scott)",8167358
"Mustard - Baguettes in the Face (feat. NAV, Playboi Carti & A Boogie Wit da Hoodie)",7721256
"Young Thug - Chanel (Go Get It) [feat. Gunna & Lil Baby]",7705528
"J. Cole - MIDDLE CHILD",7344886
"Logic - Homicide",7173450
"Travis Scott - HIGHEST IN THE ROOM",7137034
"NAV - Tap (feat. Meek Mill)",6790458
"Lil Tjay - F.N",6432145
"Lil Uzi Vert - Sanguine Paradise",6422059
"NLE Choppa - Free Youngboy",6372239
"Roddy Ricch - Tip Toe (feat. A Boogie Wit da Hoodie)",6356233
"Juice WRLD - Bandit (with YoungBoy Never Broke Again)",6102413
"Quality Control - Baby",5957589
"Lil Tecca - Ransom",5666983
"Dreamville - Under The Sun (with J. Cole & Lute feat. DaBaby)",5641791
"Lil Baby - Drip Too Hard (Lil Baby & Gunna)",5428021
"Tyler, The Creator - EARFQUAKE",5417346
"NAV - Amazing (feat. Future)",5396418
"Logic - Keanu Reeves",5255885
"YG - Go Loko",5123531
"NAV - Call Me",5094562
"Trippie Redd - 1400 / 999 Freestyle",5089995
"Lil Baby - Freestyle",5070800
"Drake - Still Here",5069106
"Metro Boomin - Space Cadet (feat. Gunna)",5043346
"Drake - Nonstop",4991923
"A Boogie Wit da Hoodie - Swervin (feat. 6ix9ine)",4951156
"Lil Tecca - Did It Again",4936273
"Lil Baby - Woah",4930497
"Chance the Rapper - GRoCERIES",4930069
"Gunna - One Call",4868323
"Mustard - Pure Water (with Migos)",4831519
"Ski Mask The Slump God - Faucet Failure",4810201
"Mustard - Ballin' (with Roddy Ricch)",4791077
"Lil Tjay - Hold On",4781677
"Lil Baby - Pure Cocaine",4727504
"J. Cole - No Role Modelz",4617492
"Quavo - FLIP THE SWITCH (feat. Drake)",4590662
"Offset - Red Room",4574569
"YNW Melly - Mixed Personalities (feat. Kanye West)",4526532
"Drake - Passionfruit",4451849
"Drake - Best I Ever Had",4375548
"Logic - Confessions of a Dangerous Mind",4368575
"Kendrick Lamar - Bitch, Don’t Kill My Vibe",4366308
"Lil Yachty - Get Dripped (feat. Playboi Carti)",4352244
"Gunna - Same Yung Nigga (feat. Playboi Carti)",4322492
"Mustard - Interstate 10 (feat. Future)",4260537
"NLE Choppa - Camelot",4197287
"Internet Money - Somebody",4183750
"Lil Mosey - Stuck In A Dream (feat. Gunna)",4131381
"NLE Choppa - Shotta Flow (feat. Blueface) [Remix]",4096084
"Young Thug - Hot (Remix) [feat. Gunna and Travis Scott]",3962579
"YG - In The Dark",3870859
"Travis Scott - SICKO MODE",3719766
"Blueface - Bleed It",3674991
"Quality Control - Intro",3674626
"A Boogie Wit da Hoodie - Look Back at It",3603200
"Future - Crushed Up",3536758
"NLE Choppa - Shotta Flow",3535290
"DaBaby - Baby Sitter (feat. Offset)",3514081
"Lil Baby - Yes Indeed",3460893
"Travis Scott - 90210 (feat. Kacy Hill)",3457470
"DaBaby - Suge",3454574
"DaBaby - INTRO",3390508
"Post Malone - Sunflower - Spider-Man: Into the Spider-Verse",3351186
"YNW Melly - Murder on My Mind",3335601
"Mac Miller - Self Care",3324286
"Roddy Ricch - Peta (feat. Meek Mill)",3308812
"Lil Skies - Creeping (feat. Rich the Kid)",3307333
"YNW Melly - 223's (feat. 9lokknine)",3127800
"Flipp Dinero - How I Move (feat. Lil Baby)",3124318
"21 Savage - Immortal",3068131
"Travis Scott - YOSEMITE",3025804
"Juice WRLD - All Girls Are The Same",3025791
"Lil Tjay - Brothers",2978686
"DaBaby - BOP",2939232
"J. Cole - Album of the Year - Freestyle",2907767
"DaBaby - Goin Baby",2905755
"PnB Rock - MIDDLE CHILD",2905099
"Playboi Carti - Let It Go",2904451
"Swae Lee - Won't Be Late (feat. Drake)",2898270
"Trippie Redd - 6 Kiss",2876431
"NAV - Taking Chances",2873226
"Lil Uzi Vert - Futsal Shuffle 2020",2830151
"Tee Grizzley - From The D To The A (feat. Lil Yachty)",2767602
"Meek Mill - Uptown Vibes (feat. Fabolous & Anuel AA)",2761711
"Offset - Clout (feat. Cardi B)",2701254
"Lil Baby - Out The Mud",2672300
"Tory Lanez - Freaky",2665966
"Drake - Sneakin’",2633375
"Young Thug - Sin (feat. Jaden Smith)",2612759
"Young Thug - Bad Bad Bad (feat. Lil Baby)",2574348
"Metro Boomin - No Complaints",2545051
"Flipp Dinero - Leave Me Alone",2535852
"A Boogie Wit da Hoodie - Reply (feat. Lil Uzi Vert)",2526173
"Travis Scott - STARGAZING",2501068
"Rae Sremmurd - Powerglide (feat. Juicy J) - From SR3MM",2451946
"Juice WRLD - Armed And Dangerous",2450046
"Juice WRLD - Lucid Dreams",2437091
"A Boogie Wit da Hoodie - No Promises",2333419
"A Boogie Wit da Hoodie - My Shit",2315200
"Lil Uzi Vert - 20 Min",2302867
"A Boogie Wit da Hoodie - Mood Swings",2302460
"Lil Tjay - Brothers (feat. Lil Durk) - Remix",2294559
"Metro Boomin - Overdue (with Travis Scott)",2276171
"J. Cole - Deja Vu",2243779
"Joyner Lucas - Isis",2227622
"JACKBOYS - GANG GANG",2207634
"Quality Control - Frosted Flakes",2199260
"Future - Government Official",2198120
"Lil Nas X - Panini",2128437
"Lil Skies - I",2100449
"Roddy Ricch - The Box",2088946
"J. Cole - Wet Dreamz",2057062
"Kanye West - I Love It (& Lil Pump)",2031952
"Takeoff - Casper",2008434
"Wiz Khalifa - Hopeless Romantic (feat. Swae Lee)",1985600
"Roddy Ricch - Start Wit Me (feat. Gunna)",1965405
"Famous Dex - JAPAN",1847667
"Offset - How Did I Get Here (feat. J. Cole)",1792881
"The Weeknd - Blinding Lights",1780470
"Offset - Legacy (feat. Travis Scott & 21 Savage)",1733078
"Blueface - Thotiana",1722761
"Lil Tjay - Go In",1721463
"Drake - How Bout Now",1718873
"Young Thug - Hot (feat. Gunna)",1711399
"Migos - Narcos",1711227
"Calboy - Envy Me",1673585
"Rich The Kid - Splashin",1666557
"Almighty Jay - New Drip (feat. Gucci Mane)",1633204
"Future - Mask Off",1626270
"Stunna 4 Vegas - Ashley (with DaBaby)",1611449
"Lil Baby - Drip Too Hard",1543262
"Juice WRLD - Let Me Know (I Wonder Why Freestyle)",1519407
"JACKBOYS - OUT WEST (feat. Young Thug)",1489274
"Meek Mill - Going Bad (feat. Drake)",1485870
"Roddy Ricch - Die Young",1467824
"Travis Scott - HIGHEST IN THE ROOM (feat. ROSALÍA & Lil Baby) - REMIX",1465519
"Gunna - Baby Birkin",1437345
"Wiz Khalifa - Fr Fr (feat. Lil Skies)",1364353
"Juice WRLD - Robbery",1359644
"Kendrick Lamar - Alright",1303972
"YBN Nahmir - Bounce Out With That",1294430
"J. Cole - Kevin’s Heart",1278836
"Post Malone - Enemies (feat. DaBaby)",1195793
"YNW Melly - Bang Bang",1184033
"Rich The Kid - Fall Threw (feat. Young Thug & Gunna)",1182853
"TibyBop - Drop Out",1142714
"G-Eazy - 1942 (feat. Yo Gotti & YBN Nahmir)",1141449
"Lil Nas X - Panini - DaBaby Remix",1123747
"Quavo - WORKIN ME",1117438
"DaBaby - VIBEZ",1068722
"Post Malone - Better Now",1037598
"Don Toliver - HAD ENOUGH (feat. Quavo & Offset)",1028518
"NAV - Hold Your Breath (feat. Gunna)",1000563
"Cordae - Broke As Fuck",989934
"Ambjaay - Uno",976127
"Yo Gotti - Put a Date On It (feat. Lil Baby)",964580
"Post Malone - Psycho (feat. Ty Dolla $ign)",921366
"A$AP Rocky - Praise The Lord (Da Shine) (feat. Skepta)",879552
"Lil Tecca - why u look mad",838734
"Polo G - Pop Out (feat. Lil Tjay)",830131
"JACKBOYS - WHAT TO DO? (feat. Don Toliver)",812921
"JAY-Z - Ni**as In Paris",799984
"Kodak Black - ZEZE (feat. Travis Scott & Offset)",754488
"Lil Tecca - Shots",751750
"Post Malone - Wow.",750387
"XXXTENTACION - Fuck Love",749053
"J. Cole - 1985 - Intro to “The Fall Off”",746300
"Metro Boomin - Don't Come Out The House (with 21 Savage)",731339
"Eminem - Rap God",726994
"Metro Boomin - 10 Freaky Girls (with 21 Savage)",686771
"Arizona Zervas - ROXANNE",686676
"Chris Brown - No Guidance (feat. Drake)",677232
"Quality Control - Big Rocks (Offset feat. Young Thug)",638817
"G-Eazy - I Wanna Rock (feat. Gunna)",633523
"Bad Bunny - MIA (feat. Drake)",610766
"NLE Choppa - Camelot (feat. Yo Gotti, BlocBoy JB & Moneybagg Yo) - Remix",593677
"Blueface - First Class",580657
"Drake - Portland",576321
"Playboi Carti - wokeuplikethis*",569069
"Baby Keem - ORANGE SODA",564554
"Yo Gotti - Pose (feat. Lil Uzi Vert)",546678
"Quality Control - Double Trouble (Quavo feat. Meek Mill)",545135
"Drake - Behind Barz - Bonus",529964
"Rich The Kid - That's Tuff (feat. Quavo)",521018
"NLE Choppa - Matrix",511232
"Ski Mask The Slump God - Nuketown (feat. Juice WRLD)",490525
"Vlone Leakers - Cancun",488653
"Logic - Mama/Show Love (feat. YBN Cordae)",488239
"Travis Scott - Antidote",479938
"Post Malone - Saint-Tropez",470124
"Tyga - Goddamn (feat. A Boogie wit da Hoodie)",469537
"Young Thug - Hop Off A Jet (feat. Travis Scott)",465630
"Tyga - Legendary (feat. Gunna)",460136
"XXXTENTACION - Jocelyn Flores",457801
"Dreamville - Down Bad (feat. JID, Bas, J. Cole, EARTHGANG & Young Nudy)",453095
"YG - My Nigga",448468
"Metro Boomin - Dreamcatcher (feat. Swae Lee & Travis Scott)",436282
"Eternal Atake - Free Uzi",433450
"Kodak Black - Calling My Spirit",432321
"DJ Khaled - Wish Wish (feat. Cardi B & 21 Savage)",419179
"Trippie Redd - Death (feat. DaBaby)",418396
"French Montana - Slide (feat. Blueface & Lil Tjay)",413061
"Lil Tecca - Love Me",411626
"Eternal Atake - Run It Up",407591
"Trippie Redd - Under Enemy Arms",401231
"Lil Uzi Vert - New Patek",399589
"Stunna 4 Vegas - UP THE SMOKE (with Offset)",396939
"21 Savage - ball w/o you",390092
"Lil Uzi Vert - XO Tour Llif3",365208
"GoldLink - U Say (feat. Tyler, The Creator & Jay Prince)",364010
"Drake - One Dance",363460
"Gunna - Sold Out Dates (feat. Lil Baby)",353663
"Eminem - Lucky You (feat. Joyner Lucas)",352684
"Future - Please Tell Me",349170
"Drake - God's Plan",348142
"Gunna - Outstanding",346111
"Gucci Mane - Richer Than Errybody (feat. YoungBoy Never Broke Again & DaBaby)",344594
"XXXTENTACION - NorthStar (feat. Joyner Lucas) - Remix",344242
"Roddy Ricch - Every Season",341477
"JID - Off Deez (with J. Cole)",341077
"A$AP Ferg - Jet Lag",340378
"Rae Sremmurd - No Type",340108
"Tee Grizzley - Young Grizzley World (feat. A Boogie Wit Da Hoodie & YNW Melly)",339403
"Drake - Started From the Bottom",336733
"Juice WRLD - Feeling",336492
"City Girls - Act Up",331243
"MadeinTYO - Ned Flanders (feat. A$AP Ferg)",329638
"PARTYNEXTDOOR - LOYAL (feat. Drake)",323305
"Nipsey Hussle - Racks in the Middle (feat. Roddy Ricch and Hit-Boy)",322383
"PnB Rock - I Like Girls (feat. Lil Skies)",320638
"Kanye West - Follow God",313773
"Lil Skies - Lust",310026
"Miley Cyrus - Party In The U.S.A.",308490
"Chance the Rapper - No Problem (feat. Lil Wayne & 2 Chainz)",305694
"Chance the Rapper - We Go High",299167
"Kanye West - Father Stretch My Hands Pt. 1",297706
"Chance the Rapper - Hot Shower",293528
"Eternal Atake - Of Course",293386
"MadeinTYO - Chucky Cheese",287906
"Chance the Rapper - I Got You (Always and Forever)",281181
"Lil Uzi Vert - Dark Queen",280105
"Drake - Marvins Room",273048
"YG - BIG BANK (feat. 2 Chainz, Big Sean, Nicki Minaj)",272759
"Young Thug - pick up the phone",271838
"Juice WRLD - Lean Wit Me",271739
"The Weeknd - Heartless",270058
"GoldLink - Crew (feat. Brent Faiyaz & Shy Glizzy)",266938
"Gunna - Speed It Up",259643
"Lil Pump - Butterfly Doors",258842
"G-Eazy - West Coast (feat. Blueface, ALLBLACK & YG)",256967
"DJ Scheme - How You Feel? (Freestyle) (feat. Lil Yachty & Ski Mask The Slump God)",254304
"Chance the Rapper - Eternal",247094
"Travis Scott - BUTTERFLY EFFECT",244629
"Big Sean - Overtime",242795
"Gunna - 3 Headed Snake (feat. Young Thug)",241995
"Logic - COMMANDO (feat. G-Eazy)",236209
"Megan Thee Stallion - Cash Shit (feat. DaBaby)",235632
"YNW Melly - I Ain't Lying",234656
"Drake - Sandra’s Rose",231993
"Drake - Legend",228376
"Chief Keef - Earned It",226771
"Cordae - Locationships",226453
"YoungBoy Never Broke Again - Slime Belief",222241
"Lil Uzi Vert - The Way Life Goes (feat. Oh Wonder)",221578
"Juicy J - Neighbor (feat. Travis Scott)",220535
"Drake - Omertà",217983
"Kendrick Lamar - Big Shot (with Travis Scott)",217400
"Future - March Madness",216936
"Cardi B - Press",216757
"Takeoff - Last Memory",213449
"Sheck Wes - Mo Bamba",212961
"Migos - Supastars",212842
"Tory Lanez - Broke Leg (with Quavo & Tyga)",211671
"21 Savage - a&t",211588
"2 Chainz - Momma I Hit A Lick (feat. Kendrick Lamar)",210324
"Drake - Hotline Bling",206000
"DaBaby - Pony",204978
"Lil Mosey - Noticed",204023
"Lil Tecca - Ransom (with Juice WRLD) - Remix",202520
"Chance the Rapper - All Day Long",200810
"Cordae - Kung Fu",199680
"Drake - Gyalchester",198700
"6ix9ine - KIKA",198262
"YG - Stop Snitchin (feat. DaBaby) - Remix",197916
"27CLUB - SECRETS",197577
"Logic - BOBBY (feat. My Dad)",196775
"Tyga - Dip (feat. Nicki Minaj)",195991
"NAV - Habits",194700
"Kendrick Lamar - DNA.",194201
"ZAYN - Still Got Time (feat. PARTYNEXTDOOR)",194013
"BlocBoy JB - Look Alive (feat. Drake)",192837
"Drake - Crew Love",190052
"ScHoolboy Q - Floating (feat. 21 Savage)",189095
"Jared Moreno Luna - Avengers: Endgame",187549
"Tyla Yaweh - Salute (feat. French Montana)",184576
"Lil Tecca - Sidenote",183978
"Drake - Worst Behavior",183323
"Drake - Dreams Money Can Buy",182248
"Logic - 1-800-273-8255",181010
"Yung Faygo - No Relation - Intro",179656
"Rick Ross - Gold Roses (feat. Drake)",179106
"Gucci Mane - Backwards (feat. Meek Mill)",177990
"Drake - Outro (feat. Chilly Gonzales)",174398
"Logic - Pardon My Ego",173546
"Offset - Wild Wild West (feat. Gunna)",172214
"Takeoff - Insomnia",170924
"Roddy Ricch - Feed Tha Streets 2 (Intro)",169887
"Tee Grizzley - Pray For The Drip (feat. Offset)",169704
"Huncho Jack - Dubai Shit",169169
"Travis Scott - Apple Pie",166660
"Tyga - Haute (feat. J Balvin & Chris Brown)",166508
"Drake - Jumpman",163971
"Ty Dolla $ign - Purple Emoji (feat. J. Cole)",163755
"Future - 100 Shooters (feat. Meek Mill)",161527
"Rae Sremmurd - CLOSE (feat. Travis Scott) - From SR3MM",161289
"Travis Scott - NO BYSTANDERS",160660
"Logic - clickbait",158220
"Yung Faygo - Real Rockstar",156547
"Logic - Icy (feat. Gucci Mane)",156012
"XXXTENTACION - Hope",154588
"Wale - On Chill (feat. Jeremih)",153386
"Drake - The Motto",151771
"YoungBoy Never Broke Again - No Smoke",151360
"XXXTENTACION - whoa (mind in awe)",151256
"YG - Stop Snitchin",149880
"Eternal Atake - Platinum",146537
"Lil Mosey - G Walk (with Chris Brown)",143356
"21 Savage - out for the night",142762
"Lil Baby - Close Friends (Lil Baby & Gunna)",142438
"Chief Keef - I Don't Like",141653
"A Boogie Wit da Hoodie - Jungle",139800
"Nicki Minaj - Truffle Butter",138388
"Logic - Out Of Sight",137946
"NAV - Wanted You (feat. Lil Uzi Vert)",137105
"XXXTENTACION - Moonlight",135772
"Future - Jumpin on a Jet",135011
"Drake - Childs Play",134778
"DaBaby - RAW SHIT (feat. Migos)",134600
"Playboi Carti - NO. 9",133302
"Tory Lanez - Melee",132411
"DJ Khaled - Higher (feat. Nipsey Hussle & John Legend)",131264
"XXXTENTACION - $$$ - with Matt Ox",131064
"Eternal Atake - Big Watch",130986
"Rich The Kid - Like Mike (feat. Jay Critch & A Boogie wit da Hoodie)",126943
"Travis Scott - through the late night",125360
"Zay Hilfigerrr - Juju on That Beat (TZ Anthem)",122234
"iann dior - what is real",121833
"Drake - Skepta Interlude",121149
"DJ Khaled - No Brainer (feat. Justin Bieber, Chance the Rapper & Quavo)",119466
"NAV - Price On My Head (feat. The Weeknd)",118888
"SOB X RBE - Paramedic!",117870
"Polo G - Pop Out Again (feat. Lil Baby & Gunna)",116670
"Young Thug - Daddy's Birthday",116050
"Stunna 4 Vegas - 100 Or Better (feat. NLE Choppa)",114922
"Lil Tecca - Amigo",114790
"Frank Ocean - Chanel",113005
"Lil Nas X - Old Town Road",112658
"Comethazine - Walk (Remix)",112575
"JACKBOYS - JACKBOYS",112243
"Young Thug - Sup Mate (feat. Future)",111394
"Chance the Rapper - Roo",109989
"Roddy Ricch - Intro",109878
"YG - FDT",108692
"Lil Tjay - Laneswitch",108013
"Cordae - Have Mercy",107856
"21 Savage - can't leave without it",106793
"Pitbull - Time of Our Lives",104190
"John Denver - Take Me Home, Country Roads - Rerecorded",104132
"Mustard - 100 Bands (feat. Quavo, 21 Savage, YG & Meek Mill)",104130
"Lil Tjay - Sex Sounds",103508
"Lil Baby - Never Recover (Lil Baby & Gunna, Drake)",100357
"Khlaws - Those Butterfly Doors",100275
"NAV - Champion (feat. Travis Scott)",99711
"Roddy Ricch - War Baby",99050
"Travis Scott - CAN'T SAY",98199
"YungGen - Kid Cudi Only Carti",98090
"Ne-Yo - So Sick",97990
"XXXTENTACION - HEARTEATER",96914
"Quality Control - Baby (Lil Baby feat. DaBaby)",96319
"XXXTENTACION - I don’t even speak spanish lol - feat. Rio Santana, Judah, Andrez Babii",94698
"Tyga - MAMACITA",93171
"Prada - army tank",92173
"Lil Baby - Catch The Sun - From "Queen & Slim: The Soundtrack"",91157
"Drake - HYFR (Hell Ya Fucking Right)",91140
"Sunday Service Choir - Satan, We’re Gonna Tear Your Kingdom Down",91130
"iLOVEFRiDAY - Mia Khalifa",89142
"Drake - Blue Tint",88736
"Logic - Lost In Translation",86261
"Logic - Wannabe",85600
"DJ Khaled - Just Us (feat. SZA)",83701
"Ed Sheeran - I Don't Care (with Justin Bieber)",83690
"Roddy Ricch - Perfect Time",83314
"NAV - To My Grave",82733
"XXXTENTACION - Everybody Dies In Their Nightmares",82543
"21 Savage - X (feat. Future)",81791
"Kanye West - Selah",80714
"Vince Staples - Sheet Music - Episode 02",79189
"XXXTENTACION - before I close my eyes",78189
"Kanye West - Closed On Sunday",77798
"21 Savage - all my friends",77109
"Fat Joe - YES",77012
"Calvin Harris - Slide (feat. Frank Ocean & Migos)",76757
"Chance the Rapper - Photo Ops (Skit)",75662
"PARTYNEXTDOOR - Recognize (feat. Drake)",75201
"XXXTENTACION - bad vibes forever",74462
"PnB Rock - Horses (with PnB Rock, Kodak Black & A Boogie Wit da Hoodie)",72852
"Eternal Atake - 1600",72784
"Eternal Atake - Clouds",71934
"YNW Melly - Suicidal",70805
"Lil Uzi Vert - Sauce It Up",70789
"Playboi Carti - Location",69480
"히스(Hiss) - JUMPIN",69128
"Drake - Over",68884
"Drake - All Me",68636
"Joyner Lucas - 10 Bands",67871
"21 Savage - monster",67238
"Marshmello - Project Dreams",67093
"Drake - Grammys",64596
"NAV - Why You Crying Mama",64423
"Chance the Rapper - Slide Around",64115
"6ix9ine - TATI",63740
"Alison Wonderland - I Want U",63080
"Don Toliver - No Idea",62810
"Kanye West - Champions",61508
"Nebu Kiniza - Coastin' (feat. Tk Kravitz)",61485
"YoungBoy Never Broke Again - Make No Sense",59529
"Norman Dück - Avengers 3: Infinity War",59322
"Eternal Atake - R.I.P Chico",58622
"Bobby Shmurda - Hot N*gga",58366
"A Boogie Wit da Hoodie - I Know What's Real",57962
"A Boogie Wit da Hoodie - Startender (feat. Offset and Tyga)",56458
"Flipp Dinero - Looking At Me (feat. Rich The Kid)",56064
"Drake - Free Smoke",55690
"Roddy Ricch - High Fashion (feat. Mustard)",55317
"Juice WRLD - Hide (feat. Seezyn)",54783
"French Montana - Nervous",54725
"Playboi Carti - Love Hurts (feat. Travis Scott)",54591
"Tory Lanez - Jalissa's Back! - SKIT",54278
"Rich The Kid - Tic Toc (with Tory Lanez)",54218
"Quality Control - Stripper Bowl",53790
"Chris Brown - Undecided",53690
"Doja Cat - Juicy",53214
"Flipp Dinero - Time Goes Down",53055
"Travis Scott - Watch (feat. Lil Uzi Vert & Kanye West)",52051
"DRAM - Broccoli",51925
"Travis Scott - goosebumps",51880
"88GLAM - Kyrie",50947
"Metro Boomin - Lesbian (feat. Gunna & Young Thug)",50875
"Lil Nas X - C7osure (You Like)",50666
"Anderson .Paak - Tints (feat. Kendrick Lamar)",49792
"21 Savage - Ghostface Killers (feat. Travis Scott)",49066
"2 Chainz - Whip (feat. Travis Scott)",49052
"6ix9ine - MAMA",48981
"Young Thug - Millions",48914
"Andy Mineo - Coming In Hot",48728
"2 Chainz - It's A Vibe",48661
"XXXTENTACION - Look At Me!",47914
"Rich The Kid - Lost It (feat. Quavo & Offset)",47807
"2 Chainz - Rule The World (feat. Ariana Grande)",47753
"Metro Boomin - No More (feat. Travis Scott, Kodak Black & 21 Savage)",47619
"YNW BSlime - Slime Dreams",47317
"MadeinTYO - Uber Everywhere",47189
"J. Cole - Neighbors",46805
"6ix9ine - TIC TOC",46271
"Wale - Running Back (feat. Lil Wayne)",45779
"A$AP Ferg - Work REMIX (feat. A$AP Rocky, French Montana, Trinidad James & ScHoolboy Q)",45524
"Future - Wicked",45440
"A$AP Rocky - F**kin' Problems (feat. Drake, 2 Chainz & Kendrick Lamar)",45017
"Eternal Atake - Made It",44768
"Cardi B - Bodak Yellow",44562
"French Montana - No Shopping (feat. Drake)",43925
"iann dior - Strings",43712
"Norman Dück - Avengers 4 - Endgame",43590
"Kanye West - Every Hour",42780
"Offset - Lick",42627
"Metro Boomin - Only 1 (Interlude) (with Travis Scott)",42135
"Young Thug - Best Friend",42026
"Ed Sheeran - Antisocial (with Travis Scott)",41962
"Gucci Mane - She Miss Me (feat. Rich the Kid)",41803
"Blueface - Respect My Cryppin’",41760
"6ix9ine - FEFE",41662
"Kanye West - On God",41483
"Lil Mosey - Kamikaze",41364
"Future - Hard Work Pays Off",40840
"A$AP Rocky - Purity (feat. Frank Ocean)",40384
"Blueface - Thotiana (feat. Cardi B, YG) [Remix]",40191
"Dreamville - Sunset (with J. Cole feat. Young Nudy)",39871
"French Montana - No Stylist (feat. Drake)",38990
"Dreamville - Costa Rica (with Bas & JID feat. Guapdad 4000, Reese LAFLARE, Jace, Mez, Smokepurpp, Buddy & Ski Mask The Slump God)",38769
"Playboi Carti - New Choppa",38715
"Belly - Maintain",38312
"Tm88 - Slayerr",38080
"JACKBOYS - GATTI",37841
"Tory Lanez - Forever",37803
"Trippie Redd - Me Likey",37358
"24kGoldn - VALENTINO",37041
"NLE Choppa - Forever",36772
"Rae Sremmurd - Come Get Her",36672
"Daniel Magre - Bitch Don't Kill My Vibe",36610
"DJ ESCO - Too Much Sauce (feat. Future & Lil Uzi Vert)",36543
"Future - Fine China",36137
"YFN Lucci - Everyday We Lit (feat. PnB Rock)",35861
"Migos - Bad and Boujee (feat. Lil Uzi Vert)",35697
"Trippie Redd - Mac 10",35672
"DaBaby - REALLY (feat. Stunna 4 Vegas)",35092
"Drake - Forever",34325
"Meek Mill - Dreams and Nightmares",33787
"Huncho Jack - Black & Chinese",33646
"Pimp Tobi - Intro",33390
"Metro Boomin - Overdue - Instrumental",33285
"Miguel - Sky Walker (feat. Travis Scott)",32638
"Frank Ocean - DHL",32021
"Big Sean - Go Legend (& Metro Boomin)",31990
"Rae Sremmurd - No Flex Zone",31615
"Megan Thee Stallion - Hot Girl Summer (feat. Nicki Minaj & Ty Dolla $ign)",31561
"Gunna - Big Shot",31401
"Drake - Mob Ties",30686
"Juice WRLD - Fast",30304
"Playboi Carti - Lookin",30301
"JAY-Z - Family Feud",30165
"Chambers - Road Runnin",29900
"Kanye West - Don't Like.1",29864
"Kanye West - Everything We Need",28670
"Lil Nas X - Rodeo",28578
"Gucci Mane - Wake Up in the Sky",28324
"Post Malone - On The Road (feat. Meek Mill & Lil Baby)",28170
"Juicy J - Let Me See (feat. Kevin Gates & Lil Skies)",28148
"PARTYNEXTDOOR - Come and See Me (feat. Drake)",27966
"Joey Bada$$ - Love Is Only a Feeling",27887
"Pardison Fontaine - Rodman",27817
"ScHoolboy Q - CHopstix (with Travis Scott)",27595
"Michael Giacchino - Theme (from "Spider Man") [Original Television Series]",27480
"Ariana Grande - MONOPOLY (with Victoria Monét)",27391
"Quality Control - Longtime",27370
"Lil Tjay - One Take",27304
"Chance the Rapper - Handsome",27121
"Kanye West - All Falls Down",26642
"YoungBoy Never Broke Again - Outside Today",26580
"Big Sean - I Don't Fuck With You",26389
"JAY-Z - Otis",26281
"Wale - Routine (feat. Rick Ross & Meek Mill)",26245
"Future - Last Name (feat. Lil Durk)",26175
"Eternal Atake - Zoom",25941
"Uncle Murda - Bitch Ass Niggas",25920
"SOB X RBE - Calvin Cambridge",25736
"Juice WRLD - Hear Me Calling",25695
"French Montana - Suicide Doors (feat. Gunna)",25450
"PARTYNEXTDOOR - Damage",25194
"Young Nudy - Mister (feat. 21 Savage)",25085
"DaBaby - THERE HE GO",24980
"Glory Mopz - Buffy the Body",24764
"NLE Choppa - I Don't Need No Help",24660
"Metro Boomin - 10AM/Save The World (feat. Gucci Mane)",24623
"Camila Cabello - My Oh My (feat. DaBaby)",24383
"Stonerville - Hot - Remix",24085
"J. Cole - Power Trip (feat. Miguel)",23914
"Drake - Shut It Down",23871
"Yung Bans - Waterslide (feat. Lil Skies)",23810
"JAY-Z - Holy Grail",23594
"Drake - 0 To 100 / The Catch Up",22855
"Lil Yachty - MICKEY",22695
"BLESSED - Superfly",22590
"Joyner Lucas - I'm Sorry",22229
"JAY VOSS - Forget Her",22121
"DaBaby - POP STAR (feat. Kevin Gates)",21972
"Chief Keef - Love Sosa",21864
"YungGen - Skeleton",21310
"Tyler, The Creator - EXACTLY WHAT YOU RUN FROM YOU END UP CHASING",21250
"Ellie Goulding - Hate Me (with Juice WRLD)",21115
"Neha Kakkar - O Saki Saki (From "Batla House")",21013
"Kodak Black - No Flockin'",20984
"Frank Ocean - In My Room",20863
"Lil Yachty - Yacht Club (feat. Juice WRLD)",20667
"Tory Lanez - TAlk tO Me (with Rich The Kid feat. Lil Wayne) - Remix",20559
"DaBaby - 4x (feat. Stunna 4 Vegas)",20544
"Offset - Father Of 4 (feat. Big Rube)",20520
"Queen - Bohemian Rhapsody - Remastered 2011",20351
"Playboi Carti - Shoota (feat. Lil Uzi Vert)",20052
"Eternal Atake - Fake from the Jump",19818
"Travis Scott - Pornography",19700
"92Jack - Don't Make Me Sad",19690
"Drake - Jodeci Freestyle (feat. J. Cole)",19626
"The Flaming Lips - The W.A.N.D.",19605
"Swae Lee - Sextasy",19430
"YoungBoy Never Broke Again - Carter Son",19328
"Rihanna - Work",19157
"Travis Scott - WHO? WHAT!",19114
"Nipsey Hussle - Grinding All My Life",19112
"Roddy Ricch - Ricch Forever",19050
"Tory Lanez - Jerry Sprunger (with T-Pain)",18815
"Big Gigantic - All of Me",18730
"Lil Pump - Be Like Me (feat. Lil Wayne)",18624
"Rick Ross - Running the Streets (feat. A Boogie Wit Da Hoodie & Denzel Curry)",18453
"Tyler Bates - Showtime, A-holes",18350
"Mustard - On GOD (with YG & Tyga feat. A$AP Ferg & A$AP Rocky)",18271
"Linda Lind - Hush",18218
"Drake - Elevate",18011
"Ramones - Blitzkrieg Bop - 2016 Remaster",17876
"The 1975 - The Sound",17685
"Polo G - Through Da Storm",17430
"NAV - NAVUZIMETRO#PT2",17240
"Travis Scott - Pray 4 Love (feat. The Weeknd)",17160
"Chambers - Risk It All",17109
"Toots & The Maytals - Take Me Home, Country Roads",16942
"Phoenix - 1901",16831
"JID - Skrawberries (feat. BJ The Chicago Kid)",16702
"Gucci Mane - Potential (feat. Lil Uzi Vert & Young Dolph)",16683
"Sidhu Moose Wala - So High",16631
"Sosamann - In the Lobby",16433
"Trippie Redd - Shake It Up",16320
"Kanye West - Mercy",16298
"Lil Uzi Vert - Pretty Mami",16234
"Jamie xx - I Know There's Gonna Be (Good Times)",16212
"Lil Yachty - NBAYOUNGBOAT",16127
"Campfire - Superhuman (feat. Shane Eli)",16089
"J. Cole - Photograph",15892
"Sam Sparro - 21st Century Life",15806
"Mase - Feel so Good",15764
"DaBaby - TOES (feat. Lil Baby & Moneybagg Yo)",15614
"Skepta - Shutdown",15572
"Young Thug - Die Today",15146
"Outkast - Rosa Parks - Radio Version",15081
"Don Toliver - Can't Feel My Legs",15040
"YoungBoy Never Broke Again - Time I'm On",14976
"Blueface - Dead Locs",14884
"Logic - Everyday",14804
"NLE Choppa - Famous Hoes",14726
"Huncho Jack - How U Feel",14675
"Post Malone - Wow. - Remix",14632
"Metro Boomin - Don't Come Out The House - Instrumental",14629
"YNW Melly - Two Face",14613
"Taylor Swift - You Need To Calm Down",14591
"Playboi Carti - Magnolia",14568
"Trippie Redd - Bird Shit",14430
"YoungBoy Never Broke Again - Everyday",14421
"benny blanco - I Can’t Get Enough (benny blanco, Selena Gomez, J Balvin, Tainy)",14420
"FMB DZ - 2k19",14356
"Jaay Cee - Stuck in My Ways (Yung Tory)",14221
"Future - Patek Water (feat. Offset)",14122
"NAV - Stuck With Me",14001
"French Montana - Out Of Your Mind (feat. Chris Brown)",13908
"YoungBoy Never Broke Again - Rags to Riches",13845
"Drake - Up All Night",13835
"Future - Aintchu",13802
"J. Cole - KOD",13714
"XXXTENTACION - Depression & Obsession",13668
"blackbear - hot girl bummer",13653
"Future - Low Life (feat. The Weeknd)",13629
"JERREAU - Really Got It",13567
"6ix9ine - STOOPID",13503
"6ix9ine - GUMMO",13440
"Alan Silvestri - Portals",13340
"Zedd - I Want You To Know",13312
"Panic! At The Disco - Don't Threaten Me with a Good Time",13312
"DJ Khaled - Weather the Storm (feat. Meek Mill & Lil Baby)",13233
"Nas - Made You Look",13055
"Carnage - i Shyne",13049
"2 Chainz - 4 AM",13033
"Metro Boomin - Only You (feat. WizKid, Offset & J Balvin)",13027
"DP Beats - Bankroll (Feat. Lil Uzi Vert, Playboi Carti)",12890
"Meek Mill - Millidelphia (feat. Swizz Beatz)",12878
"Drake - Views",12850
"Eternal Atake - You Mad",12736
"Tory Lanez - The Trade (feat. Jagged Edge & Jermaine Dupri)",12681
"Young Thug - Surf (feat. Gunna)",12537
"Maroon 5 - Memories",12520
"Godfather of Harlem - On the Inside (feat. 21 Savage)",12373
"Kap G - Marvelous Day (feat. Lil Uzi Vert & Gunna)",12370
"Queen - Don't Stop Me Now - …revisited",12330
"Eternal Atake - Harden",12288
"Tyler, The Creator - RUNNING OUT OF TIME",12218
"DamesNotDead - Hot - Remix",12160
"6ix9ine - BEBE",12032
"XXXTENTACION - A GHETTO CHRISTMAS CAROL",11993
"Meek Mill - Issues",11974
"Tay-K - The Race (feat. 21 Savage & Young Nudy) - Remix",11929
"Jeezy - American Dream (feat. J. Cole, Kendrick Lamar)",11925
"YUNGBLUD - 11 Minutes (with Halsey feat. Travis Barker)",11924
"Future - Thought It Was a Drought",11797
"Drake - The Motion",11731
"Gunna - Drip or Drown",11712
"ScHoolboy Q - X (with 2 Chainz & Saudi)",11605
"Lil Wayne - Love Me",11604
"Sunday Service Choir - Count Your Blessings",11600
"Wiz Khalifa - Black and Yellow",11476
"Meek Mill - Froze (feat. Lil Uzi Vert & Nicki Minaj)",11413
"Metro Boomin - Up To Something (feat. Travis Scott & Young Thug)",11338
"NAV - Glow Up",11260
"Beats from chiraq - PoP BottlEs",11249
"Pi’erre Bourne - Hacked My Instagram",11093
"Brodinski - Gas",11050
"ScHoolboy Q - Numb Numb Juice",11006
"Kanye West - Stronger",10943
"Lil Uzi Vert - 444+222",10858
"Kanye West - POWER",10839
"Pop Smoke - Dior",10837
"Logic - Still Ballin (feat. Wiz Khalifa)",10794
"Young Thug - Lil Baby",10790
"Ski Mask The Slump God - U and I",10766
"Drake - After Dark (feat. Static Major & Ty Dolla $ign)",10742
"Yellow Claw - In My Room (feat. Ty Dolla $ign & Tyga)",10720
"Tyler, The Creator - ARE WE STILL FRIENDS?",10645
"Post Malone - Take What You Want (feat. Ozzy Osbourne & Travis Scott)",10530
"BROCKHAMPTON - ZIPPER",10517
"Drake - Too Good",10513
"Lil Skies - Mansion",10367
"Young Nudy - Extendo (feat. Lil Uzi Vert)",10304
"Logic - Cocaine",10303
"2 Chainz - Bigger Than You (feat. Drake & Quavo)",10239
"DaBaby - OFF THE RIP",10218
"Kendrick Lamar - Bitch, Don’t Kill My Vibe - Remix",10110
"NLE Choppa - Stick By My Side",10102
"Lil Skies - Bad Girls (feat. Gucci Mane)",10053
"Sueco - fast (Remix) [feat. Offset & A Boogie Wit da Hoodie]",10005
"Sheck Wes - Live Sheck Wes",10004
"Eternal Atake - 150K",9854
"Rich The Kid - Plug Walk",9818
"Sleepy Brown - If You Want It (Sleepy Brown feat. Scar)",9813
"J. Cole - everybody dies",9791
"Rick Ross - B.M.F. (Blowin' Money Fast)",9786
"Don Toliver - Diva",9706
"Flipp Dinero - Feelin Like",9696
"benny blanco - Roses (with Juice WRLD feat. Brendon Urie)",9685
"Snoop Dogg - Young, Wild & Free (feat. Bruno Mars)",9599
"Lil Uzi Vert - Do What I Want",9493
"Lil Tecca - Out Of Luck",9451
"A$AP Rocky - Babushka Boi",9407
"Gabriel Gassi - Weekend",9406
"Future - Undefeated (feat. Lil Keed)",9405
"Chris Tamayo - PLAYBOY",9397
"DJ Khaled - All I Do Is Win (feat. T-Pain, Ludacris, Snoop Dogg & Rick Ross)",9386
"Juicy J - Shell Shocked (feat. Kill the Noise & Madsonik) - From "Teenage Mutant Ninja Turtles"",9369
"Future - CUDDLE MY WRIST",9304
"DaBaby - PROLLY HEARD",9257
"Metro Boomin - No Complaints (feat. Offset & Drake) (Bonus)",9257
"Marshmello - Rescue Me",9215
"Norman Dück - Avengers: Endgame - Special Look",9190
"DJ Khaled - We Takin' Over (feat. T.I., Akon, Birdman, Lil Wayne, Fat Joe & Rick Ross)",9109
"Gang Starr - Same Team, No Games",9045
"PARTYNEXTDOOR - THE NEWS",9045
"Lil Baby - Business Is Business (Lil Baby & Gunna)",8970
"Dougie F - On Purpose (feat. Pitbull & 40 Cobras)",8959
"Diddy - Workin (feat. Travis Scott & Big Sean)",8917
"Drake - Hype",8896
"Kodak Black - Zombie (feat. NLE Choppa & DB Omerta)",8874
"SOB X RBE - Anti",8874
"J. Cole - False Prophets",8831
"XXXTENTACION - Sauce!",8725
"Ski Mask The Slump God - Foot Fungus",8720
"Lil Nas X - Old Town Road (feat. RM of BTS) - Seoul Town Road Remix",8682
"Jon Bellion - All Time Low",8589
"Billie Eilish - bad guy",8511
"Lizzo - Let 'em Say",8511
"Frank Ocean - Nights",8511
"Higher Brothers - Chanel",8383
"Khalid - OTW",8320
"Calid B. - Mansa Musa",8298
"Kanye West - Hands On",8256
"Emis Killa - CULT",8213
"Craig Xen - RUN IT BACK!",8170
"Future - 2Pac",8170
"Phora - Love Is Hell (feat. Trippie Redd)",8149
"Too $hort - Blow the Whistle",8105
"YBN Nahmir - Baby 8",8042
"JAY-Z - F*ckwithmeyouknowigotit",8042
"JAYEM the JEDHI - Risk It All",8009
"French Montana - Pop That",8000
"Lil Tjay - Post To Be (feat. Rileyy Lanez)",7977
"Pimp Tobi - Baghdad",7970
"DaBaby - iPHONE (with Nicki Minaj)",7935
"Future - Codeine Crazy",7914
"Drake - Lose You",7900
"Ayo & Teo - Rolex",7897
"Kanye West - Jesus Walks",7893
"DaBaby - XXL",7892
"A Boogie Wit da Hoodie - Still Think About You",7872
"CRO - Melodie",7870
"Trippie Redd - Love Me More",7860
"Drake - Teenage Fever",7850
"Tyler, The Creator - WHAT'S GOOD",7829
"Ab-Soul - Bloody Waters (with Anderson .Paak & James Blake)",7786
"Dribble2much - Dribble2Much (feat. Problem)",7786
"Future - WIFI LIT",7722
"21 Savage - letter 2 my momma",7637
"Kanye West - Black Skinhead",7616
"Calvin Harris - Blame (feat. John Newman)",7573
"Lil Uzi Vert - Two®",7530
"Chance the Rapper - Good Ass Intro",7509
"Comethazine - FIND HIM!",7488
"Kali Uchis - Ridin Round",7486
"Meek Mill - Ima Boss (feat. Rick Ross)",7466
"ScHoolboy Q - Man Of The Year",7466
"Calvin Harris - Giant (with Rag'n'Bone Man)",7401
"THEY. - Deep End - Tarro Remix",7381
"Young M.A - She Like I'm Like",7350
"Sofi de la Torre - London X Paris - Mace Remix",7317
"Metro Boomin - 10AM/Save The World - Instrumental",7317
"ILOVEMAKONNEN - Tuesday (feat. Drake)",7274
"NAV - Freshman List",7231
"Fall Out Boy - The Last Of The Real Ones",7231
"City Girls - JT First Day Out",7191
"6ix9ine - MALA",7189
"JAY-Z - The Joy",7188
"King Krule - Dum Surfer",7103
"Tyler, The Creator - I THINK",7082
"The Constellations - We're Here To Save The Day",7082
"Nas - Wrote My Way Out",7061
"XXXTENTACION - YuNg BrAtZ",7058
"Marshmello - You Can Cry",7040
"Kairo - We Came to Win",6890
"Rich Homie Quan - Type of Way",6869
"6ix9ine - KOODA",6860
"Zion I - Ride",6848
"Anderson .Paak - Am I Wrong (feat. ScHoolboy Q)",6848
"The Alan Parsons Project - Sirius",6783
"Yung Faygo - Choppa Right Beneath Me!",6752
"The Internet - Special Affair",6741
"Crispy_mh - Bitch Don't Kill My Vibe",6740
"Marcus Marr - Learning For Your Love",6698
"Run The Jewels - Down (feat. Joi)",6697
"Future - Forever Eva",6634
"Bazzi - Focus (feat. 21 Savage)",6591
"DJ Khaled - Celebrate (feat. Travis Scott & Post Malone)",6506
"Sia - Audio (feat. Sia, Diplo, and Labrinth)",6505
"Bishop Nehru - Driftin'",6484
"Alan Silvestri - Main on End",6470
"Future - Stick to the Models",6442
"Travis Scott - Oh My Dis Side (feat. Quavo)",6421
"Jonah Mutono - Circulation",6367
"Logic - Bohemian Trapsody",6357
"Young Dolph - Water on Water on Water",6357
"Cousin Stizz - Butterfly",6335
"Future - Ain't No Time",6314
"Majid Jordan - Every Step Every Way",6313
"Stormzy - Audacity (feat. Headie One)",6293
"Billie Eilish - MyBoi - TroyBoi Remix",6249
"Young Thug - Mannequin Challenge (feat. Juice WRLD)",6230
"Smooky MarGielaa - Flight To Memphis (feat. Chris Brown, Juicy J & A$AP Rocky)",6207
"Future - No Basic",6143
"Post Malone - Circles",6110
"Camila Cabello - Cry for Me",6109
"JAY-Z - Illest Motherf**ker Alive",6101
"Lil Peep - Save That Shit",6058
"PnB Rock - Stand Back",6058
"King JAN - Dark Night Dummo",6037
"Tyler, The Creator - IGOR'S THEME",5994
"Wiz Khalifa - We Dem Boyz",5973
"X Ambassadors - Jungle",5973
"Lil Uzi Vert - X",5951
"The Chicharones - Little By Little - NBA2k11",5909
"Tigertown - Lonely Cities",5908
"Zedd - 365 - KUURO Remix",5908
"Chance the Rapper - Town On The Hill",5888
"1K Phew - We Did It",5887
"Pitbull - Can't Have (feat. Steven A. Clark & Ape Drums)",5866
"City Girls - What We Doin'",5820
"KRS-One - MC's Act Like They Don't Know",5801
"Chance the Rapper - Zanies and Fools",5781
"Dribble2much - Swishhh",5780
"Drake - Make Me Proud",5734
"Woodie Smalls - Tokyo Drift (feat. K1D)",5716
"Mobb Deep - Shook Ones, Pt. II",5610
"Yung Bans - Dresser",5589
"Lil Baby - Days Off",5589
"Drake - Controlla",5565
"D-Block Europe - The Shard",5504
"Big Boi - Shutterbugg",5503
"Dribble2much - Let It Fly",5482
"Dame D.O.L.L.A - Wasatch Front",5440
"Miguel - All I Want Is You (feat. J. Cole)",5418
"Drake - Pop Style",5418
"The Hours - Ali In The Jungle",5417
"Stokeswood - Forget",5376
"Nas - Nas Is Like",5376
"Joey Bada$$ - Victory",5375
"Future - 31 DAYS",5311
"Lil Tjay - Decline (feat. Lil Baby)",5205
"Pop Smoke - War",5205
"Ron Artest - Champions",5162
"Jain - Come",5140
"Ski Mask The Slump God - Cat Piss (feat. Lil Yachty)",5077
"ScHoolboy Q - Collard Greens",5048
"G Herbo - Man Now",5034
"Ayo & Teo - Like Us",5013
"XXXTENTACION - Floor 555",5013
"Santigold - Creator",4970
"Future - Just Like Bruddas",4970
"Blueface - Uncle Phillp",4945
"Grimes - Kill V. Maim",4926
"Lil Tjay - Leaked (feat. Lil Wayne) - Remix",4906
"Travis Scott - Maria I'm Drunk (feat. Justin Bieber & Young Thug)",4904
"Yung Faygo - Woah",4890
"Future - Lay Up",4885
"PRhyme - U Looz",4863
"Imagine Dragons - Friction",4862
"Future - Peacoat",4842
"Rae Sremmurd - Black Beatles",4799
"John Paesano - Spider-Man",4780
"Chance the Rapper - Do You Remember",4778
"RobOlu - GARY PAYTON",4778
"Roddy Ricch - Down Below",4770
"Hogni - Bow Down (To No Man)",4756
"Scorpions - The Zoo",4736
"Travis Scott - Never Catch Me",4714
"Ariana Grande - break up with your girlfriend, i'm bored",4693
"Q Da Fool - Win (feat. Kenny Beats)",4649
"Future - XanaX Damage",4610
"Chance the Rapper - Our House (Skit)",4607
"Drake - I'm Upset",4594
"Gucci Mane - Love Thru The Computer (feat. Justin Bieber)",4586
"Juicy J - Bandz A Make Her Dance (feat. Lil' Wayne & 2 Chainz)",4586
"EARTHGANG - Proud Of U (feat. Young Thug)",4543
"BabyGorilla - Young Nudy Flow",4521
"KYLE - Playinwitme (feat. Kehlani)",4501
"Travis Scott - HOUSTONFORNICATION",4501
"DaBaby - GOSPEL (feat. Chance The Rapper, Gucci Mane & YK Osiris)",4500
"2Pac - California Love - Original Version",4458
"Meek Mill - Fall Thru",4444
"Neil Young - Country Home",4422
"U2 - Elevation",4416
"Iamsu! - I Love My Squad",4394
"Phoebe Ryan - ICIMY",4393
"Rick Ross - Stay Schemin",4373
"XXXTENTACION - ALONE, PART 3",4330
"Blueface - Dead Locs, Pt. 2",4293
"Vintage Lee - Hennythings Possible",4287
"Jay Rock - WIN",4276
"Sammy Hagar - I Can't Drive 55",4266
"Meek Mill - Stay Woke (feat. Miguel)",4260
"Outkast - So Fresh, So Clean",4245
"Lotto Boyzz - FaceTime Me",4244
"XXXTENTACION - love yourself (interlude)",4230
"Cousin Stizz - Living Like Khaled",4202
"Yo Gotti - Down In the DM",4202
"Kanye West - Use This Gospel",4186
"J. Cole - Cole World",4181
"Chance the Rapper - Found A Good One (Single No More)",4181
"Ludwig Göransson - Wakanda",4160
"6ix9ine - BILLY",4160
"Ace Hood - Bugatti",4138
"Fivio Foreign - Big Drip",4138
"Angel The God - The Life",4095
"mgk - Till I Die",4074
"Drake - Let’s Call It Off (feat. Peter Bjorn and John)",4070
"Yourmomlikesmymusic - Stranger Things",4053
"Lil Skies - Flooded",4051
"Jay Prince - RUN IT DOWN",4031
"Kodak Black - Transportin'",4031
"Tee Grizzley - First Day Out",4031
"M.I.A. - Y.A.L.A.",3968
"Santigold - Shove It (feat. Spank Rock)",3946
"C & C Music Factory - Gonna Make You Sweat (Everybody Dance Now) (feat. Freedom Williams)",3946
"Tyla Yaweh - I Think I Luv Her (feat. YG)",3930
"Kidz In Space - Downtime",3904
"City Girls - Twerk (feat. Cardi B)",3882
"Dame D.O.L.L.A - Shot Clock",3861
"Drake - That’s How You Feel",3853
"Neil Young - My Country Home",3848
"Angelo Bombay - Lil Uzi Vert Has Timing",3840
"Gucci Mane - Tootsies (feat. Lil Baby)",3830
"Frank Ocean - Pink + White",3818
"Joyner Lucas - Ross Capicchioni",3776
"SAFE - Paid In Full (feat. Playboi Carti)",3776
"Logic - Limitless",3754
"Kailash Kher - Aabhar Desh Ka",3754
"Jeru The Damaja - You Can't Stop The Prophet",3754
"Carlos Jean - Última Jugada",3754
"SBTRKT - Wildfire",3731
"Tyler, The Creator - PUPPET",3711
"Kanye West - Amazing",3711
"Ghemon - Adesso sono qui",3711
"Dreezy - Play Wit Ya",3710
"Drake - In My Feelings",3691
"Drake - Signs",3690
"Def Leppard - Pour Some Sugar on Me",3690
"A Tribe Called Quest - Conrad Tokyo (feat. Kendrick Lamar & Jack White)",3669
"Drake - Take Care",3660
"Metro Boomin - Borrowed Love (feat. Swae Lee & WizKid)",3647
"Drake - Can’t Take A Joke",3644
"Larry Groce - Take Me Home, Country Roads (Live) [feat. Everybody]",3628
"The Groove Project - Sugar Free",3625
"Saba - Beautiful Smile",3624
"Eminem - Love The Way You Lie",3608
"Shy Luv - Shock Horror",3605
"Lil Nas X - Old Town Road - Remix",3605
"Yuksek - Truth",3583
"Bas - Fried Rice (feat. JID)",3562
"J. Cole - Rise and Shine",3562
"Kanye West - Mercy.1",3562
"Tor Miller - Carter & Cash",3540
"Now, Now - Thread",3518
"The Moth & The Flame - Red Flag",3497
"Eternal Atake - Die Today",3477
"Lil Uzi Vert - For Real",3477
"Lil Tjay - Mixed Emotions",3476
"Meek Mill - Wins & Losses",3467
"Naughty By Nature - Hip Hop Hooray",3456
"YG - One Time Comin'",3455
"MadeinTYO - Skateboard P (feat. Big Sean)",3455
"XXXTENTACION - The Explanation",3440
"J. Cole - Rich Niggaz",3434
"Tee Grizzley - Wake Up (feat. Chance the Rapper)",3434
"Lil Uzi Vert - Feelings Mutual",3434
"Miko Payton - Done With You",3430
"The Seige - Back Up",3412
"Busta Rhymes - Put Your Hands Where My Eyes Could See (feat. Jamal)",3349
"Shakira - Chantaje (feat. Maluma)",3349
"Mötley Crüe - Live Wire",3348
"Drake - Nice For What",3306
"Major Lazer - Lean On",3306
"G-Eazy - Me, Myself & I",3306
"Wale - Lotus Flower Bomb (feat. Miguel)",3306
"Yung Faygo - No Feel",3280
"Lud Foe - Show U Off (feat. Lil Uzi Vert)",3264
"Sean Paul - No Lie",3242
"2 Chainz - Spend It (Remix) (feat. T.I.)",3221
"Future - Lil One",3212
"Kiiara - Gold",3200
"ILLSON - U Don't",3198
"Neha Kakkar - Tum Par Hum Hai Atke (From "Pagalpanti")",3135
"Travis Scott - 3500 (feat. Future & 2 Chainz)",3071
"Drake - Peak",3051
"Dan Black - Symphonies - Bonus Track",3050
"24kGoldn - GAMES ON YOUR PHONE",3050
"21 Savage - Bank Account",3029
"Migos - BBO (Bad Bitches Only)",3029
"Pusha T - New God Flow",3029
"XXXTENTACION - Introduction (instructions)",3029
"Future - Comin Out Strong (feat. The Weeknd)",3008
"Nas - Represent",2986
"Imagine Dragons - I’m So Sorry",2965
"Future - Oooooh",2944
"Drake - Ratchet Happy Birthday",2939
"ScHoolboy Q - CHopstix (feat. Travis Scott)",2922
"Rag'n'Bone Man - Human - Rudimental Remix",2880
"Dilated Peoples - Live On Stage",2858
"Pardison Fontaine - Take It Down (feat. Offset)",2858
"Tyler, The Creator - I DON'T LOVE YOU ANYMORE",2837
"Quality Control - My Dawg",2816
"G Herbo - My Bro's a Legend",2815
"Stunna 4 Vegas - 4th Of July (feat. Offset)",2773
"EMoneyOne11 - Swervin",2772
"Delorean - Deli",2751
"Future - Astronauts",2751
"Chance the Rapper - Get A Bag",2730
"Migos - Walk It Talk It",2709
"Skepta - No Security",2666
"Drake - Hold On, We're Going Home",2646
"Big Rock Candy Mountain - Rocketship",2624
"Nicki Minaj - MEGATRON",2624
"OneRepublic - Everybody Loves Me",2623
"Kanye West - Water",2623
"Tyler, The Creator - A BOY IS A GUN*",2602
"Alison Wonderland - Cry",2602
"Kendrick Lamar - HUMBLE.",2602
"Flipp Dinero - Intro",2560
"Drake - Do Not Disturb",2530
"Gnarls Barkley - Going On",2517
"Dom Kennedy - My Type of Party",2516
"Living Colour - Cult of Personality",2496
"YoungBoy Never Broke Again - Overdose",2496
"Blueface - Fucced Em",2484
"Lil AK - LANES",2474
"Jay Prezi - Hu$tle Man",2459
"Meek Mill - Save Me",2456
"Tyler, The Creator - NEW MAGIC WAND",2453
"Ace Hood - Hustle Hard - Album Version (Edited)",2453
"Rakaa - Crown Of Thorns",2453
"Big Sean - Bezerk (feat. A$AP Ferg)",2453
"Bill Conti - Redemption (Theme From Rocky II)",2450
"Drake - Headlines",2437
"Roosevelt - Fever",2432
"Nas - The World Is Yours",2410
"The Brunettes - Red Rollerskates",2410
"Bad Bunny - 200 Mph",2410
"Aaron Taos - Control",2410
"Lil Uzi Vert - No Sleep Leak",2410
"Metro Boomin - No Complaints (Instrumental) (Bonus)",2410
"Drake - Finesse",2398
"Emicida - Bonjour",2389
"Salmo - 1984",2389
"Playboi Carti - Long Time - Intro",2389
"Brooke Candy - XXXTC",2368
"Roddy Ricch - Moonwalkin (feat. Lil Durk)",2368
"Lil Pump - Racks on Racks",2360
"Tobe Nwigwe - I'M DOPE (feat. DAVID MICHAEL WYATT)",2346
"YoungBoy Never Broke Again - Worth It",2346
"Fat Joe - All The Way Up (feat. Infared)",2346
"RJD2 - Clean Living",2325
"T-Pain - Goat Talk (feat. Lil Wayne)",2325
"Tyler, The Creator - Yonkers",2325
"Future - Stick Talk",2310
"DJ Snake - Loco Contigo (with J. Balvin & Tyga)",2304
"Tyler, The Creator - GONE, GONE / THANK YOU",2282
"Onyx - Slam",2282
"Future - I Serve the Base",2282
"Chance the Rapper - 4 Quarters In The Black (Skit)",2261
"Stunna 4 Vegas - Big 4x Freestyle",2261
"Migos - Stir Fry",2240
"Coldplay - Viva La Vida",2240
"Meek Mill - Intro",2238
"Meek Mill - Price",2222
"Tyga - SWISH",2220
"The Redland - So Far",2218
"PARTYNEXTDOOR - Break from Toronto",2217
"Eddy Blake - Ghost Town",2205
"YG - BULLETPROOF (feat. Jay 305)",2197
"Various Artists - LK Neu Xuan Nay Vang Anh / Khuc Nhac Ngay Xuan",2176
"J. Cole - 4 Your Eyez Only",2175
"Rick Ross - The Boss - Album Version (Edited)",2154
"Dynamicduo - AEAO",2154
"RL Grime - Aurora",2154
"Quavo - LOSE IT (feat. Lil Baby)",2070
"XXXTENTACION - Revenge",2040
"Drake - Sacrifices",2030
"Alanis Morissette - Reasons I Drink",2026
"Metro Boomin - Dreamcatcher - Instrumental",2026
"LCD Soundsystem - Time to Get Away",2005
"Smokepurpp - What I Please (feat. Denzel Curry)",2004
"Daft Punk - Around the World",1984
"Failsafe - Hope",1983
"Fitz and The Tantrums - The Walker",1962
"Take a Mic - 4 Vérités",1962
"Ed Sheeran - Cross Me (feat. Chance the Rapper & PnB Rock)",1962
"Imagine Dragons - Gold - Jorgen Odegard Remix",1962
"Drake - 8 Out Of 10",1927
"Pusha T - Sociopath (feat. Kash Doll)",1920
"IDK - Digital",1919
"Drake - Madiba Riddim",1898
"Alando - Feelings",1898
"DRAM - ILL NANA (feat. Trippie Redd)",1895
"Rowzen - Pacman",1880
"Cal-A - We On It (feat. P-Lo, Rexx Life Raj & Nef the Pharaoh)",1877
"Future - Where I Came From",1877
"Travis Scott - Nightcrawler (feat. Swae Lee & Chief Keef)",1862
"Santigold - Disparate Youth",1855
"Lil Tjay - Ruthless (feat. Jay Critch)",1855
"Diddy - Victory (feat. The Notorious B.I.G. & Busta Rhymes)",1834
"DJ Khaled - You Stay (feat. Meek Mill, J Balvin, Lil Baby & Jeremih)",1813
"Nico Vega - Beast",1813
"Travis Scott - Piss On Your Grave (feat. Kanye West)",1813
"Drake - Fake Love",1810
"Travis Scott - Wasted (feat. Juicy J)",1799
"Smokepurpp - Phantom",1791
"Eric B. & Rakim - Know The Ledge",1791
"Future - Real Sisters",1791
"Rich Gang - Lifestyle",1749
"Drake - Talk Up (feat. Jay-Z)",1741
"Failsafe - Only If We Learn",1728
"Eric B. & Rakim - I Ain't No Joke",1727
"Diddy - Victory (feat. The Notorious B.I.G. & Busta Rhymes) - Remastered",1727
"Good Times Ahead - Feel It (feat. Tunji Ige)",1727
"Lil Tjay - Leaked",1727
"Dribble2much - Ankle Bully",1727
"Drake - Unstoppable (feat. Santigold & Lil Wayne)",1720
"Bag Raiders - Shooting Stars",1706
"Sachin-Jigar - Odhani (From "Made in China")",1706
"Drake - Know Yourself",1706
"Roy Ayers Ubiquity - We Live In Brooklyn, Baby",1685
"Middleman - It's Not Over Yet",1685
"Lil Tjay - Dream That I Had",1663
"Fetty Wap - Trap Queen",1662
"Queen - Somebody To Love - Remastered 2011",1642
"Waka Flocka Flame - No Hands (feat. Roscoe Dash & Wale)",1642
"Ry Riches - Suicide Doors",1642
"Jay Rock - Wow Freestyle (feat. Kendrick Lamar)",1634
"Eminem - Sing For The Moment",1630
"Travis Scott - Impossible",1625
"Pete Rock & C.L. Smooth - They Reminisce Over You (T.R.O.Y.)",1621
"The Russian Futurists - Paul Simon",1621
"Bremmy - Friends",1600
"Ski Mask The Slump God - Reborn To Rebel",1578
"Friendly Fires - Skeleton Boy",1578
"The Shelters - Birdwatching",1578
"B Young - 079ME",1578
"Logic - 44 More",1577
"Wes Krave - Ain't No Secret",1570
"Future - Same Damn Time",1557
"XXXTENTACION - the remedy for a broken heart (why am I so in love)",1535
"Travis $ - The Prayer",1532
"Souls Of Mischief - 93 'Til Infinity",1514
"Jay Prince - Run It Down",1514
"Drake - Don’t Matter To Me (with Michael Jackson)",1509
"G-Eazy - Drop (feat. Blac Youngsta & BlocBoy JB)",1500
"Young Nudy - Zone 6 (Remix) (feat. Future & 6LACK)",1493
"Meek Mill - 1 AM",1484
"Meek Mill - Trauma",1481
"Country Guitar Players - Take Me Home Country Roads",1475
"Roddy Ricch - Out Tha Mud",1471
"Post Malone - Blame It On Me",1450
"Kanye West - God Is",1450
"Drake - Emotionless",1438
"Drake - Is There More",1433
"Young M.A - OOOUUU",1429
"Lil Wayne - Don't Cry (feat. XXXTENTACION)",1429
"Lil Uzi Vert - How to Talk",1428
"50 Cent - In Da Club",1420
"Sk & Uzi Big Gunz - Free to Rage",1408
"Ana Tijoux - Vengo",1408
"London On Da Track - Throw Fits (feat. City Girls & Juvenile)",1407
"Rael - Vejo Depois",1407
"Gucci Mane - BiPolar (feat. Quavo)",1370
"Travis Scott - Ok Alright (feat. ScHoolboy Q)",1365
"Lil Tjay - Top of My Game",1365
"Chinatown - No Pressure",1350
"Club Dogo - Fragili",1344
"Dua Lipa - New Rules - Alison Wonderland Remix",1344
"Sonny Bones - Rise",1343
"Lil Tjay - Goat",1343
"XXXTENTACION - Carry On",1330
"Joyner Lucas - Stranger Things",1330
"Armani White - Fortnights",1322
"Travis Scott - I Can Tell",1319
"Fuego Gang - Uzi Freestyle",1301
"Chairlift - Romeo",1301
"Uzi & Ari - Asleep in Armor",1280
"AM444 - Lies - Jay. Soul Truth Remix",1280
"Deniro Farrar - Ran Off",1280
"G-Eazy - No Limit",1280
"Marshmello - Fly",1279
"Drake - Houstatlantavegas",1270
"Travis Scott - Flying High (feat. Toro y Moi)",1261
"Two Door Cinema Club - I Can Talk",1258
"SAINt JHN - Trap (feat. Lil Baby)",1258
"YK Osiris - Worth It",1240
"Deadfriend - Endless",1237
"Shoreline Mafia - Homicide (feat. BandGang Lonnie Bands & OhGeesy)",1215
"Dirty Projectors - Stillness Is The Move",1215
"Bremmy - Bad Love",1215
"Future - Groupies",1215
"Snoop Dogg - Drop It Like It's Hot",1180
"J. Cole - Immortal",1173
"Good Times Ahead - I Can’t Hold On",1173
"XXXTENTACION - SMASH! - feat. PnB Rock",1173
"Future - No Cap",1152
"GASHI - Creep On Me",1151
"Smokepurpp - Do Not Disturb (feat. Lil Yachty & Offset)",1150
"NAV - OK (feat. Lil Durk)",1150
"YNW Melly - City Girls",1130
"Keys N Krates - Music To My Ears (feat. Tory Lanez)",1130
"Lil Kleine - Bel Me Op",1130
"Lil Gotit - Now",1130
"2Pac - All Eyez On Me",1130
"Blux J - Don’t",1090
"Blueface - Daddy (feat. Rich The Kid)",1066
"Farid Bang - INTERNATIONAL GANGSTAS",1050
"XXXTENTACION - infinity (888) - feat. Joey Bada$$",1045
"Future - Jet Lag (feat. Young Scooter)",1045
"Lil Wayne - A Milli",1024
"Kendrick Lamar - Backseat Freestyle",1020
"A$AP Twelvyy - Hop Out (feat. A$AP Ferg)",1002
"A Boogie Wit da Hoodie - Drowning (feat. Kodak Black)",1002
"Meek Mill - Respect the Game",982
"Bruno Mars - Finesse - Remix; feat. Cardi B",981
"Harry Styles - Adore You",981
"Meek Mill - Heavy Heart",980
"Post Malone - rockstar (feat. 21 Savage)",980
"Meek Mill - 1942 Flows",954
"Meek Mill - Whatever You Need (feat. Chris Brown & Ty Dolla $ign)",952
"Kendrick Lamar - Swimming Pools (Drank)",950
"J. Cole - ATM",938
"Lil Tjay - No Escape",938
"Juice WRLD - Maze",918
"Tory Lanez - FeRRis WhEEL (feat. Trippie Redd)",896
"Lil Uzi Vert - Malfunction",896
"Drake - Jaded",882
"Bazzi - Beautiful (feat. Camila Cabello)",874
"Mike Jones - Still Tippin' (feat. Slim Thug and Paul Wall)",874
"XXXTENTACION - schizophrenia",874
"Nicki Minaj - Feeling Myself",874
"Fat Joe - Lord Above",860
"XXXTENTACION - Orlando",850
"Stormzy - Vossi Bop",831
"XXXTENTACION - SAD!",831
"Drake - March 14",812
"Jared Moreno Luna - Ant-Man and The Wasp - Main Theme",810
"Only The Family - Riot (with Lil Durk & Booka600 feat. G Herbo)",810
"JAY-Z - Murder To Excellence",810
"Drake - 9",810
"Action Bronson - Actin Crazy",789
"Quality Control - Too Hotty",789
"YoungBoy Never Broke Again - Right or Wrong (feat. Future)",789
"Wiz Khalifa - 420 Freestyle",789
"Frisco - Go Thru Face",789
"Lil Uzi Vert - Early 20 Rager",768
"Lil Skies - Highs and Lows",768
"Drake - Survival",766
"Gucci Mane - Kept Back (feat. Lil Pump) - Bonus Track Version",766
"Offset - Ric Flair Drip (with Metro Boomin)",760
"Roddy Ricch - Big Stepper",746
"Drake - Blem",746
"J. Cole - Land of the Snakes",725
"Quality Control - Hellcat",725
"Ty Dolla $ign - Hottest in the City",725
"Quin Nfn - Talkin' My Shit",725
"Broyo - Ghetto Got Me Trapped",704
"Jaden - SOHO",703
"DaBaby - Deal Wit It",703
"Drake - Final Fantasy",696
"Lil Pump - Gucci Gang",682
"Ball Park Music - Hands off My Body",682
"Quality Control - Movin’ Up",682
"Drake - Trust Issues",682
"Nef The Pharaoh - Big Tymin",682
"J. Cole - Lights Please",660
"Lil' Flip - Game Over",640
"YoungBoy Never Broke Again - Preach",640
"J. Cole - Forbidden Fruit (feat. Kendrick Lamar)",618
"Higher Brothers - 16 Hours",618
"Drake - Summer Games",603
"Queen - I Want To Break Free",597
"Future - Ain't Coming Back",597
"Rich Brian - Attention (feat. Offset)",576
"Drake - Feel No Ways",575
"Yung Faygo - Neon",560
"J. Cole - Motiv8",554
"Rome317 - Free Lil Uzi Type Beat-Dragon",554
"21 Savage - 4L",554
"Chance the Rapper - Sun Come Down",554
"Young T & Bugsey - 4x4",554
"XXXTENTACION - Ayala (Outro)",540
"Future - Where Ya At (feat. Drake)",533
"Paper Route - Writing On The Wall",512
"Lil Uzi Vert - Neon Guts (feat. Pharrell Williams)",511
"Lil Baby - My Dawg",490
"Nipsey Hussle - Young Nigga (feat. Puff Daddy)",469
"Juice WRLD - Out My Way",469
"Summer Walker - Girls Need Love (with Drake) - Remix",464
"Ludwig Göransson - Ancestral Plane",460
"Lil Baby - Life Goes On",448
"J Hus - Dark Vader",448
"Future - Tricks on Me",448
"Juice WRLD - Empty",420
"Rich The Kid - 4 Phones",417
"Maxo Kream - Meet Again",405
"Smino - Z4L (with Bari & Jay2)",384
"YoungBoy Never Broke Again - Astronaut Kid",383
"Metro Boomin - Lesbian - Instrumental",383
"KILLY - Distance",362
"Eminem - The Real Slim Shady",362
"Kodak Black - Pimpin Ain't Eazy",348
"Trippie Redd - Taking A Walk",320
"Drake - Bria's Interlude (feat. Omarion)",320
"Future - Unicorn Purp (feat. Young Thug & Gunna)",298
"Jane Holiday - Something To Believe In",298
"Young Thug - Climax (feat. 6lack)",290
"YoungBoy Never Broke Again - Diamond Teeth Samurai",277
"XXXTENTACION - NUMB",277
"Meek Mill - Made It from Nothing (feat. Teyana Taylor and Rick Ross)",263
"Klassik - Long Ago",256
"Ray Moon - So Sorry",256
"HoodRich Pablo Juan - We Don't Luv Em (Remix)",240
"Tyga - Girls Have Fun (feat. G-Eazy & Rich The Kid)",234
"JAY-Z - Welcome To The Jungle",191
"Future - Fly Shit Only",149
"YNW Melly - Freddy Krueger (feat. Tee Grizzley)",149
"YG - SLAY (feat. Quavo)",130
"Key Glock - Yea!!",106
"Rick Ross - Act a Fool",100
"Shy Glizzy - Demons",85
"Jay Rock - King's Dead (with Kendrick Lamar, Future & James Blake)",85
"JAY-Z - That's My Bitch",85
"Lil Peep - Falling Down - Bonus Track",85
"Lil Tecca - Count Me Out",64
"Harper Starling - One Call Away (Original Mix)",63
"Gucci Mane - Off the Boat",42
"Drake - Summers Over Interlude",42
"YoungBoy Never Broke Again - We Poppin' (feat. Birdman)",42
"PARTYNEXTDOOR - Not Nice",21
"Playboi Carti - Had 2",21
"Chance the Rapper - 5 Year Plan",21
"Future - Faceshot",21
